{"cameraMode":{"drawMode":0,"name":"Shaded","section":"Shading Mode"},"sceneLighting":true,"audioPlay":false,"sceneViewState":{"m_AlwaysRefresh":false,"showFog":true,"showSkybox":true,"showFlares":true,"showImageEffects":true,"showParticleSystems":true,"showVisualEffectGraphs":true,"m_FxEnabled":true},"in2DMode":false,"pivot":{"x":0.6375217437744141,"y":0.8524807691574097,"z":-2.9490082263946535},"rotation":{"x":-0.018216680735349656,"y":-0.09669937193393707,"z":0.0017756079323589802,"w":-0.9948693513870239},"size":2.1584506034851076,"orthographic":false}