{"cameraMode":{"drawMode":0,"name":"Shaded","section":"Shading Mode"},"sceneLighting":true,"audioPlay":false,"sceneViewState":{"m_AlwaysRefresh":false,"showFog":true,"showSkybox":true,"showFlares":true,"showImageEffects":true,"showParticleSystems":true,"showVisualEffectGraphs":true,"m_FxEnabled":true},"in2DMode":false,"pivot":{"x":0.22723522782325746,"y":-1.5739332437515259,"z":8.427878379821778},"rotation":{"x":-0.13184361159801484,"y":0.02880989946424961,"z":-0.004018500912934542,"w":-0.990699052810669},"size":7.42496395111084,"orthographic":false}